genome_id	total_bp	scaffold_count	N50	min_scaffold_len	avg_scaffold_len	max_scaffold_len	gc_pct	soft_masked_pct	repeat_retroelements_pct	repeat_dna_transposons_pct	repeat_rolling_circles_pct	repeat_unclassified_pct	repeat_total_interspersed_pct	repeat_small_rna_pct	repeat_satellites_pct	repeat_simple_repeats_pct	repeat_low_complexity_pct	genes	average_gene_length	transcripts_per_gene	average_transcript_length	exons_per_transcript	average_exon_length	transcripts_total	single_exon_transcripts	multi_exon_transcripts	introns_total	avg_introns_per_transcript	avg_intron_length	median_intron_length	min_intron_length	max_intron_length	busco_lineage	busco_mode	busco_n	busco_complete_pct	busco_single_pct	busco_duplicated_pct	busco_fragmented_pct	busco_missing_pct	omark_clade	omark_conserved_hogs	omark_single_pct	omark_duplicated_pct	omark_dup_unexpected_pct	omark_dup_expected_pct	omark_missing_pct	omark_consistent_pct	omark_inconsistent_pct	omark_contamination_pct	omark_unknown_pct	eggnog_total_queries	eggnog_annotated	eggnog_annotated_pct	eggnog_with_go	eggnog_with_go_pct	eggnog_with_kegg_ko	eggnog_with_kegg_ko_pct	eggnog_with_cog	eggnog_with_cog_pct	eggnog_with_pfam	eggnog_with_pfam_pct	iprscan_total_proteins	iprscan_proteins_with_domain	iprscan_proteins_with_domain_pct	iprscan_proteins_with_go	iprscan_proteins_with_go_pct
GCA_014633955.1	403138309	1538	1165953	535	262118.5	4392697	36.05	45.4356	10.66	3.61	0.23	26.64	40.91	0.62	0.04	0.71	0.11	24534	5805	1.1811363821635281	1374	6.730519704603492	204	28978	9065	19913	166059	5.7305	927.1225	576	21	194142	cnidaria_odb12	proteins	3203	91.6	75.1	16.4	2.7	5.7	Cnidaria	4117	85.28	6.75	4.96	1.80	7.97	61.01	8.62	0.00	30.37	22736	22736	100.0	11947	52.55	12722	55.96	20455	89.97	20030	88.1	24799	24799	100.0	13385	53.97
GCA_014633975.1	394735330	3293	1005452	507	119871.0	5077462	36.90	45.6747	10.51	3.71	0.27	27.84	42.06	0.6	0.03	0.67	0.11	33066	4857	1.1311014334966432	1280	6.128205128205129	208	37401	9645	27756	191800	5.1282	763.7905	534.0	30	17436	cnidaria_odb12	proteins	3203	93.1	83.0	10.1	3.7	3.2	Cnidaria	4117	83.46	11.56	9.67	1.89	4.98	55.15	9.87	0.00	34.98	28236	28236	100.0	12762	45.2	14057	49.78	24121	85.43	24035	85.12	31237	31237	100.0	14438	46.22
GCA_014634005.1	428844380	2821	1089856	505	152018.6	5702590	33.75	44.9644	9.65	3.0	0.21	25.27	37.93	0.51	0.0	0.64	0.1	33174	4773	1.1341110508229337	1231	5.914733009063605	208	37623	9852	27771	184907	4.9147	780.4849	536	34	17206	cnidaria_odb12	proteins	3203	86.9	78.1	8.8	7.9	5.2	Cnidaria	4117	81.30	12.73	11.00	1.72	5.98	54.65	9.80	0.00	35.55	28141	28141	100.0	12786	45.44	14158	50.31	24118	85.7	23957	85.13	30955	30955	100.0	14263	46.08
GCA_014634045.1	426326548	4046	1091490	533	105369.9	6017606	36.59	48.2593	12.3	3.92	0.3	27.94	44.16	0.64	0.0	0.64	0.1	23136	4618	1.1524464038727524	1283	5.921726737426396	216	26663	8216	18447	131228	4.9217	765.116	541.0	20	116250	cnidaria_odb12	proteins	3203	79.0	65.3	13.7	6.0	15.0	Cnidaria	4117	75.22	9.76	8.31	1.46	15.01	60.14	9.23	0.00	30.63	20614	20614	100.0	10509	50.98	11148	54.08	18218	88.38	18022	87.43	23068	23068	100.0	11233	48.7
GCA_014634065.1	415828151	955	1856312	510	435422.1	7632824	38.87	50.2130	13.91	4.78	0.33	29.98	48.67	0.65	0.01	0.72	0.1	24337	4856	1.1551136130172166	1095	5.707384746727376	191	28112	8906	19206	132334	4.7074	902.9616	566.0	20	301503	cnidaria_odb12	proteins	3203	77.2	64.1	13.2	8.0	14.8	Cnidaria	4117	77.95	9.08	7.51	1.58	12.97	58.59	7.97	0.00	33.44	21071	21071	100.0	11242	53.35	11984	56.87	18850	89.46	18453	87.58	23486	23486	100.0	11861	50.5
GCA_014634105.1	401478809	2002	1917675	478	200538.9	8284083	33.20	42.2695	8.96	2.97	0.2	23.03	34.96	0.26	0.04	0.62	0.1	32462	4760	1.138377179471382	1237	5.935189695296856	208	36954	9863	27091	182375	4.9352	775.2525	535	25	23811	cnidaria_odb12	proteins	3203	87.2	78.0	9.2	7.9	4.9	Cnidaria	4117	83.22	11.25	9.55	1.70	5.54	54.47	9.75	0.00	35.79	27548	27548	100.0	12596	45.72	13996	50.81	23751	86.22	23616	85.73	30344	30344	100.0	14076	46.39
GCA_014634125.1	400993167	2274	1141272	289	176338.2	6624956	35.23	44.2035	11.19	3.72	0.2	23.97	38.89	0.47	0.04	0.67	0.1	19957	5541	1.180538157037631	1367	6.893505942275042	198	23560	6478	17082	138851	5.8935	851.5033	559	21	266481	cnidaria_odb12	proteins	3203	85.2	67.3	17.9	4.6	10.2	Cnidaria	4117	81.88	6.63	5.08	1.55	11.49	64.99	7.97	0.00	27.03	18913	18913	100.0	10729	56.73	11254	59.5	17250	91.21	16813	88.9	20711	20711	100.0	11406	55.07
GCA_014634165.1	383861656	4878	1061150	515	78692.4	6285006	35.33	42.4240	9.84	3.02	0.2	24.61	37.46	0.47	0.01	0.67	0.1	23312	5484	1.179907343857241	1347	6.659565185777648	202	27506	8181	19325	155672	5.6596	856.7769	559.0	20	187615	cnidaria_odb12	proteins	3203	89.5	71.7	17.9	3.6	6.9	Cnidaria	4117	83.05	8.45	6.73	1.72	8.50	62.81	8.26	0.00	28.93	21681	21681	100.0	11774	54.31	12524	57.76	19596	90.38	19207	88.59	23919	23919	100.0	12942	54.11
GCA_014634185.1	373482476	1149	1634538	552	325050.0	7441048	38.38	44.3254	11.15	4.13	0.22	25.22	40.5	0.81	0.03	0.96	0.13	22043	6634	1.1948464365104567	1427	7.090022021413927	201	26338	7408	18930	160399	6.09	1024.1693	588	20	110256	cnidaria_odb12	proteins	3203	90.3	72.3	18.0	3.1	6.6	Cnidaria	4117	84.04	7.82	5.34	2.48	8.14	65.01	7.89	0.00	27.10	21356	21356	100.0	11671	54.65	12385	57.99	19043	89.17	18666	87.4	23255	23255	100.0	12774	54.93
GCA_014634205.1	416422065	4717	1051962	514	88281.1	5173730	36.16	46.4702	11.07	3.86	0.23	27.08	42.01	0.54	0.03	0.63	0.1	34459	4735	1.142081894425259	1271	5.891983229576928	215	39355	10494	28861	192524	4.892	762.5989	533.0	36	15558	cnidaria_odb12	proteins	3203	88.4	77.6	10.8	6.6	4.9	Cnidaria	4117	77.44	16.78	15.04	1.75	5.78	55.80	9.13	0.00	35.07	29399	29399	100.0	13669	46.49	15008	51.05	25215	85.77	25103	85.39	32762	32762	100.0	15029	45.87
GCA_014634225.1	438047505	1010	3033871	602	433710.4	11713616	36.40	49.0857	13.19	4.34	0.28	27.07	44.6	0.36	0.03	0.66	0.1	34331	4875	1.135649995630771	1239	5.807376628706269	213	38988	10143	28845	187430	4.8074	803.447	541.0	24	18734	cnidaria_odb12	proteins	3203	87.9	78.9	9.0	8.1	4.0	Cnidaria	4117	81.81	12.65	10.98	1.68	5.54	54.45	9.51	0.00	36.04	29038	29038	100.0	12865	44.3	14402	49.6	24536	84.5	24423	84.11	32108	32108	100.0	14557	45.34
GCA_014634245.1	652738455	4925	898511	504	132535.7	4377451	36.38	54.0920	15.75	3.62	0.23	29.38	48.75	0.58	0.0	0.69	0.06	27389	6927	1.1484902698163497	1207	5.621248728382502	214	31456	11223	20233	145366	4.6212	1461.148	874.0	20	353999	cnidaria_odb12	proteins	3203	83.6	68.7	14.9	4.7	11.6	Cnidaria	4117	80.18	9.42	7.55	1.87	10.40	56.63	8.86	0.00	34.50	23869	23869	100.0	11910	49.9	12987	54.41	20969	87.85	20607	86.33	26369	26369	100.0	13155	49.89
GCA_014634505.1	643322625	5162	1132343	492	124626.6	4936523	35.97	54.0045	16.11	3.52	0.18	28.52	48.15	0.69	0.02	0.69	0.06	26711	6635	1.145969825165662	1176	5.402842208428618	217	30610	11031	19579	134771	4.4028	1453.0698	863	21	212782	cnidaria_odb12	proteins	3203	78.4	64.1	14.3	6.4	15.2	Cnidaria	4117	78.50	9.47	7.68	1.80	12.02	56.64	8.77	0.00	34.59	23223	23223	100.0	11581	49.87	12670	54.56	20364	87.69	20043	86.31	25525	25525	100.0	12528	49.08
GCA_014634525.1	392938768	5816	657172	501	67561.7	3260691	36.54	45.0223	10.35	3.75	0.25	26.98	41.07	0.52	0.01	0.67	0.1	20887	5136	1.1492315794513335	1313	6.325154140976504	207	24004	7065	16939	127825	5.3252	808.5832	557	20	105420	cnidaria_odb12	proteins	3203	84.8	70.3	14.5	4.3	10.8	Cnidaria	4117	80.01	8.91	7.07	1.85	11.08	65.48	7.91	0.00	26.61	19334	19334	100.0	10669	55.18	11215	58.01	17496	90.49	17147	88.69	21070	21070	100.0	11426	54.23
GCA_014634605.1	442824714	6979	751376	502	63451.0	3757408	35.43	48.0165	12.1	4.13	0.31	26.22	42.45	0.29	0.01	0.64	0.1	34603	4739	1.1424731959656678	1227	5.88176966078972	208	39533	10389	29144	192991	4.8818	772.5369	531	34	16221	cnidaria_odb12	proteins	3203	88.2	78.1	10.1	6.7	5.1	Cnidaria	4117	78.84	15.33	13.63	1.70	5.83	54.56	9.60	0.00	35.84	29182	29182	100.0	13434	46.04	14810	50.75	25025	85.75	24867	85.21	32751	32751	100.0	14905	45.51
GCA_016490735.1	984430632	2368	766649	13226	415722.4	4615051	39.56	61.0963	20.24	6.41	1.43	31.65	58.29	0.86	0.05	1.16	0.1	36424	7509	1.1365308587744345	1213	5.496002125757905	220	41397	14478	26919	186121	4.496	1585.4298	742	20	368291	cnidaria_odb12	proteins	3203	90.2	73.7	16.5	3.4	6.4	Cnidaria	4117	81.32	12.48	9.59	2.89	6.19	57.48	8.74	0.00	33.78	31300	31300	100.0	14607	46.67	16651	53.2	27146	86.73	26474	84.58	34964	34964	100.0	17378	49.7
GCA_019787425.1	1096359891	56369	32425	1000	19449.7	325729	39.22	58.5006	13.07	5.33	0.27	38.21	56.62	0.63	0.35	0.99	0.08	32193	5248	1.1431056440841176	1049	5.321467391304348	197	36800	7716	29084	159030	4.3215	1053.2988	638.0	20	52762	cnidaria_odb12	proteins	3203	60.3	44.3	15.9	16.2	23.5	Cnidaria	4117	52.39	36.07	32.69	3.38	11.54	68.76	6.54	0.00	24.69	28933	28933	100.0	16933	58.52	18258	63.1	26680	92.21	26055	90.05	32187	32187	100.0	16648	51.72
GCA_022179025.1	576510620	4983	554882	515	115695.5	2514750	35.34	46.8163	7.32	2.77	0.1	31.22	41.3	0.27	0.02	0.74	0.1	30286	5933	1.1809747077857755	1337	5.960019011938379	224	35767	11166	24601	177405	4.96	1102.4678	689	20	335060	cnidaria_odb12	proteins	3203	84.3	66.8	17.5	5.9	9.8	Cnidaria	4117	78.63	12.65	10.30	2.36	8.72	63.01	8.06	0.00	28.93	27958	27958	100.0	14498	51.86	16116	57.64	25518	91.27	24808	88.73	30945	30945	100.0	16621	53.71
GCA_022457155.1	878658226	1623	1308184	669	541379.1	5056015	38.78	62.0454	14.25	6.99	0.58	38.92	60.15	0.4	0.04	1.07	0.09	48768	5610	1.0981791338582678	1213	4.938718350885055	245	53556	22327	31229	210942	3.9387	1219.7547	768.0	22	73145	cnidaria_odb12	proteins	3203	87.5	73.0	14.5	7.9	4.6	Cnidaria	4117	77.34	18.02	14.87	3.16	4.64	51.79	10.17	0.00	38.04	36513	36513	100.0	15921	43.6	18801	51.49	30672	84.0	30284	82.94	44979	44979	100.0	19387	43.1
GCA_022496165.2	651363123	38168	28947999	926	17065.7	51909687	36.82	56.9117	12.62	6.64	0.38	33.14	52.4	0.38	0.06	0.62	0.07	26237	6968	1.1398406830049168	1250	5.9179428877148395	211	29906	8883	21023	147076	4.9179	1302.6083	662.0	21	363371	cnidaria_odb12	proteins	3203	80.9	68.5	12.4	7.1	12.0	Cnidaria	4117	79.01	13.16	9.72	3.45	7.82	64.77	6.97	0.00	28.26	23157	23157	100.0	12415	53.61	13772	59.47	21016	90.75	20523	88.63	25776	25776	100.0	13875	53.83
GCA_023091755.1	514221667	18549	47391	587	27722.3	366074	39.47	53.4690	15.83	3.37	0.18	32.99	52.19	1.08	0.03	0.87	0.07	43280	4851	1.1333410351201478	1031	4.557766406393346	226	49051	15740	33311	174512	3.5578	1101.2716	746.0	28	17894	cnidaria_odb12	proteins	3203	73.5	64.9	8.6	16.9	9.7	Cnidaria	4117	75.18	18.68	16.74	1.94	6.15	49.54	10.65	0.00	39.82	35295	35295	100.0	14868	42.12	17030	48.25	29468	83.49	29588	83.83	39235	39235	100.0	16154	41.17
GCA_024195265.1	627238274	22	48620881	21197	28510830.6	62021193	38.90	59.1371	12.36	8.62	0.3	36.58	57.56	0.31	0.01	1.11	0.1	30438	8278	1.1461331230698468	1470	6.543140514819698	224	34886	11423	23463	193378	5.5431	1426.7984	796.0	20	311713	cnidaria_odb12	proteins	3203	93.4	77.8	15.6	1.0	5.6	Cnidaria	4117	85.35	8.89	5.85	3.04	5.76	62.09	8.38	0.00	29.52	27182	27182	100.0	13244	48.72	15069	55.44	23953	88.12	23373	85.99	30478	30478	100.0	15852	52.01
GCA_029204205.1	1112331071	8613	750778	191	129145.6	10677103	39.49	56.8597	9.69	4.75	0.32	40.09	54.54	0.32	0.03	1.53	0.12	55642	4951	1.1340893569605695	1019	5.153542620794574	197	63103	18046	45057	262101	4.1535	1045.6852	625	20	333063	cnidaria_odb12	proteins	3203	68.2	3.2	65.1	15.8	16.0	Cnidaria	4117	19.75	68.76	65.34	3.42	11.49	64.58	6.83	0.00	28.59	47514	47514	100.0	25605	53.89	28184	59.32	43304	91.14	41994	88.38	53581	53581	100.0	26893	50.19
GCA_036669915.2	353416094	52	25701147	1696	6796463.3	36597280	37.93	37.4639	7.19	2.9	0.38	26.01	36.1	0.55	0.04	0.7	0.14	26985	5391	1.1646840837502317	1542	7.5223201501797705	205	31429	7753	23676	204990	6.5223	684.4694	468.0	20	201644	cnidaria_odb12	proteins	3203	95.7	80.0	15.7	1.3	2.9	Cnidaria	4117	85.21	12.29	5.15	7.14	2.50	72.47	5.59	0.00	21.93	25455	25455	100.0	13503	53.05	14960	58.77	23657	92.94	22789	89.53	27880	27880	100.0	16076	57.66
GCA_036669925.2	809264945	442	54133718	1037	1830916.2	76566441	39.45	57.1126	21.09	4.7	0.39	29.6	55.39	0.66	0.04	0.79	0.07	36807	7692	1.1448909174885211	1239	5.647911722828666	219	42140	15612	26528	195863	4.6479	1576.8642	881	20	419606	cnidaria_odb12	proteins	3203	95.3	75.1	20.2	2.0	2.7	Cnidaria	4117	83.22	12.63	10.47	2.16	4.15	53.59	9.32	0.00	37.09	31325	31325	100.0	14254	45.5	16087	51.36	26658	85.1	26394	84.26	34786	34786	100.0	16600	47.72
GCA_036669935.2	1524838750	480	53003397	1369	3176747.4	74204639	39.50	56.2541	21.09	4.43	0.25	29.0	54.52	1.54	0.12	0.8	0.07	70500	7672	1.1290780141843972	1275	5.759912060301508	221	79600	28989	50611	378889	4.7599	1521.6014	873	20	390959	cnidaria_odb12	proteins	3203	97.6	1.0	96.6	1.1	1.3	Cnidaria	4117	20.79	75.76	73.67	2.09	3.45	54.66	9.55	0.00	35.79	59485	59485	100.0	27022	45.43	30498	51.27	50496	84.89	49964	83.99	66319	66319	100.0	31783	47.92
GCA_037127295.1	495621216	33983	1378908	818	14584.4	11323911	37.13	50.8500	13.23	4.46	0.43	29.38	47.07	0.59	0.03	0.67	0.1	25065	5116	1.1676840215439857	1254	6.173602569359027	203	29268	8130	21138	151421	5.1736	879.5226	559	20	199758	cnidaria_odb12	proteins	3203	82.8	64.0	18.8	6.8	10.4	Cnidaria	4117	73.40	16.32	14.60	1.72	10.27	63.65	7.74	0.00	28.61	23052	23052	100.0	12863	55.8	13653	59.23	21140	91.71	20576	89.26	25414	25414	100.0	13563	53.37
GCA_040938025.2	626672701	1883	807480	487	332805.5	5540956	39.06	53.4135	10.41	4.72	0.34	36.61	51.74	0.21	0.02	1.17	0.13	45730	5173	1.1333479116553684	1280	5.385988268889403	237	51828	14827	37001	227317	4.386	947.3639	653	27	23970	cnidaria_odb12	proteins	3203	79.1	62.7	16.4	4.6	16.3	Cnidaria	4117	64.12	21.20	19.16	2.04	14.67	55.47	9.97	0.00	34.56	38226	38226	100.0	16397	42.89	19072	49.89	32572	85.21	32109	84.0	43162	43162	100.0	19852	45.99
GCA_042242905.1	493920580	58	33295526	3889	8515872.1	40246328	39.49	50.5867	10.06	4.56	0.4	34.14	48.76	0.48	0.13	1.07	0.11	28646	6895	1.1661663059414926	1518	7.156349158833742	212	33406	10014	23392	205659	6.1563	1001.349	578	22	347685	cnidaria_odb12	proteins	3203	98.9	83.3	15.6	0.6	0.5	Cnidaria	4117	89.65	8.43	4.59	3.84	1.92	66.49	7.54	0.00	25.97	26495	26495	100.0	13814	52.14	15289	57.71	24035	90.72	23409	88.35	29295	29295	100.0	16094	54.94
GCA_042850425.1	434176681	206	5180971	1726	2107653.8	16539788	39.59	49.0718	13.78	5.39	1.43	27.08	46.24	0.9	0.06	1.09	0.1	24375	7741	1.1747692307692308	1582	7.642325825039287	207	28635	7682	20953	190203	6.6423	1068.0116	606	20	446786	cnidaria_odb12	proteins	3203	98.7	83.3	15.4	0.5	0.8	Cnidaria	4117	90.45	6.51	3.69	2.82	3.04	66.66	7.67	0.00	25.67	23076	23076	100.0	12133	52.58	13102	56.78	20676	89.6	20216	87.61	25595	25595	100.0	13956	54.53
GCA_043250805.1	398959814	175	4902466	15254	2279770.4	14745123	38.87	45.3683	10.74	5.82	0.55	27.1	43.66	0.7	0.05	0.9	0.09	25718	6797	1.159071467454701	1558	7.459290818209266	208	29809	8346	21463	192545	6.4593	932.9526	550	21	344658	cnidaria_odb12	proteins	3203	98.8	85.2	13.5	0.4	0.8	Cnidaria	4117	89.87	7.82	4.10	3.72	2.31	68.29	7.29	0.00	24.42	23778	23778	100.0	12667	53.27	13970	58.75	21694	91.24	21039	88.48	26621	26621	100.0	14921	56.05
GCA_043882275.1	1154099581	7188	51879999	2720	160559.2	89833937	41.74	46.5071	17.61	3.26	0.24	24.18	45.04	0.61	0.19	0.79	0.08	40747	5107	1.1099222028615603	1174	4.475147039313669	262	45226	21053	24173	157167	3.4751	1279.6979	815	20	105856	cnidaria_odb12	proteins	3203	87.9	73.7	14.2	3.7	8.4	Cnidaria	4117	76.80	13.38	11.39	1.99	9.81	49.61	10.04	2.69	37.66	33767	33767	100.0	13777	40.8	16345	48.41	28128	83.3	28201	83.52	37140	37140	100.0	16940	45.61
GCA_044231415.1	518313916	174	17861421	6597	2978815.6	45111900	39.05	56.8110	15.27	4.52	0.47	34.03	53.82	2.32	0.01	0.64	0.09	28432	5791	1.166467360720315	1391	6.718046132971506	207	33165	10403	22762	189639	5.718	886.5121	561	21	235345	cnidaria_odb12	proteins	3203	99.0	81.8	17.2	0.5	0.6	Cnidaria	4117	88.88	7.36	5.44	1.92	3.76	59.01	8.90	0.00	32.09	25536	25536	100.0	12657	49.57	13663	53.5	22239	87.09	21961	86.0	28241	28241	100.0	14626	51.79
GCA_044509875.1	741806509	695	46255594	4999	1067347.5	63507380	38.99	54.6992	11.15	5.51	0.22	35.74	52.4	0.97	0.0	1.33	0.12	34487	6409	1.1370661408646736	1380	6.034426480338655	228	39214	13401	25813	197420	5.0344	1130.1036	730.0	21	411956	cnidaria_odb12	proteins	3203	97.7	80.9	16.8	0.7	1.6	Cnidaria	4117	84.89	11.61	8.36	3.25	3.50	62.17	9.04	0.00	28.79	30698	30698	100.0	14611	47.6	16460	53.62	27078	88.21	26215	85.4	34183	34183	100.0	17901	52.37
GCA_046129775.1	602349429	257	4512547	11926	2343772.1	13837976	39.78	58.4836	11.9	9.94	0.37	35.02	56.85	0.32	0.03	1.05	0.11	NA	NA	NA	NA	NA	NA	NA	NA	NA	NA	NA	NA	NA	NA	NA	NA	NA	NA	NA	NA	NA	NA	NA	NA	NA	NA	NA	NA	NA	NA	NA	NA	NA	NA	NA	NA	NA	NA	NA	NA	NA	NA	NA	NA	NA	0	0	NA	0	NA
GCA_047906015.2	457591908	465	31044737	206	984068.6	58409227	38.50	46.5035	8.22	3.92	0.15	32.96	45.09	0.49	0.14	0.97	0.12	26951	6282	1.1418129197432376	1393	6.418516231761609	217	30773	8774	21999	166744	5.4185	1018.4268	624.0	20	232254	cnidaria_odb12	proteins	3203	88.3	74.5	13.8	2.9	8.9	Cnidaria	4117	81.39	10.23	6.27	3.96	8.38	68.85	7.65	0.00	23.49	24653	24653	100.0	12911	52.37	14555	59.04	22735	92.22	21920	88.91	27416	27416	100.0	15068	54.96
GCA_048544155.1	496812990	633	2914656	4231	784854.6	11823877	39.01	54.3344	16.4	5.05	0.31	31.13	52.58	0.63	0.42	0.72	0.1	28510	5979	1.1668186601192565	1436	6.828954488065893	210	33266	10808	22458	193906	5.829	902.7208	564.0	21	406495	cnidaria_odb12	proteins	3203	97.7	81.4	16.3	0.6	1.7	Cnidaria	4117	87.54	7.97	6.10	1.87	4.49	60.43	8.86	0.00	30.71	26080	26080	100.0	12867	49.34	13955	53.51	22994	88.17	22567	86.53	28543	28543	100.0	14828	51.95
GCA_052402645.1	853919719	609	2890743	14488	1402167.0	11240601	38.35	61.9694	12.42	13.2	0.19	34.71	60.33	0.22	0.05	1.26	0.12	37019	6988	1.1347686323239417	1395	5.990311369262997	232	42008	14695	27313	209633	4.9903	1274.7396	617	21	272584	cnidaria_odb12	proteins	3203	97.4	82.8	14.6	1.2	1.4	Cnidaria	4117	87.59	9.98	6.00	3.98	2.43	63.72	8.57	0.00	27.71	33112	33112	100.0	15384	46.46	17823	53.83	29334	88.59	28473	85.99	36757	36757	100.0	19089	51.93
GCA_052425735.1	529418093	1951	34344248	512	271357.3	64437903	38.61	48.0341	8.24	5.25	0.28	32.62	46.1	0.61	0.24	1.12	0.14	31136	6772	1.1470966084275436	1414	6.614178519431067	213	35716	10166	25550	200516	5.6142	1075.8871	628.0	20	495691	cnidaria_odb12	proteins	3203	94.7	79.1	15.6	2.2	3.1	Cnidaria	4117	84.24	12.46	8.43	4.03	3.30	69.37	7.60	0.00	23.03	28718	28718	100.0	14648	51.01	16715	58.2	26398	91.92	25346	88.26	31855	31855	100.0	17428	54.71
GCA_054491535.1	682844897	1024	5578747	16538	666840.7	21624633	40.95	66.8364	11.09	7.55	0.72	36.38	55.02	4.4	6.68	1.32	0.25	41605	5640	1.0996755197692585	1287	5.18796992481203	248	45752	14985	30767	191608	4.188	1098.5924	762.5	30	27832	cnidaria_odb12	proteins	3203	91.7	85.5	6.2	5.1	3.2	Cnidaria	4117	82.66	12.90	9.76	3.13	4.44	50.98	10.79	0.00	38.23	31704	31704	100.0	13255	41.81	15552	49.05	26411	83.3	26430	83.36	37773	37773	100.0	16422	43.48
GCA_942486025.1	603805388	8186	171385	2001	73760.7	1802771	36.38	46.1824	7.7	2.87	0.08	31.3	41.88	0.2	0.0	0.95	0.14	27072	6384	1.2109559692671394	1356	6.613427691181405	205	32783	8218	24565	184025	5.6134	1070.6002	697	22	103751	cnidaria_odb12	proteins	3203	88.9	64.5	24.4	3.4	7.6	Cnidaria	4117	72.92	19.26	16.86	2.40	7.82	68.09	7.27	0.00	24.64	26614	26614	100.0	15221	57.19	16419	61.69	24705	92.83	24004	90.19	29303	29303	100.0	16561	56.52
GCA_942486025_1	603805388	8186	171385	2001	73760.7	1802771	36.38	46.1824	7.7	2.87	0.08	31.3	41.88	0.2	0.0	0.95	0.14	27072	6384	1.2109559692671394	1356	6.613427691181405	205	32783	8218	24565	184025	5.6134	1070.6002	697	22	103751	cnidaria_odb12	proteins	3203	88.9	64.5	24.4	3.4	7.6	Cnidaria	4117	72.92	19.26	16.86	2.40	7.82	68.09	7.27	0.00	24.64	26614	26614	100.0	15221	57.19	16419	61.69	24705	92.83	24004	90.19	29303	29303	100.0	16561	56.52
GCA_942486045.1	347233126	252	4753879	2840	1377909.2	11895822	37.99	36.4407	6.9	3.01	0.36	25.14	35.05	0.56	0.03	0.72	0.14	25390	4825	1.1528554549035053	1421	7.104232858460592	200	29271	7836	21435	178677	6.1042	620.8487	466	20	100945	cnidaria_odb12	proteins	3203	96.9	83.5	13.5	1.3	1.7	Cnidaria	4117	85.30	12.05	4.64	7.41	2.65	71.96	4.94	0.00	23.10	23483	23483	100.0	12866	54.79	14150	60.26	21821	92.92	21075	89.75	25899	25899	100.0	14859	57.37
GCA_947652115.1	368009085	135	27335774	3000	2725993.2	46766401	39.73	48.7413	11.39	5.88	0.48	29.55	46.99	0.55	0.03	1.0	0.09	31382	5508	1.1091389968771908	1396	6.021892148131123	231	34807	10363	24444	174797	5.0219	863.7464	592	30	33856	cnidaria_odb12	proteins	3203	89.6	83.0	6.6	6.0	4.3	Cnidaria	4117	83.65	11.95	8.14	3.81	4.40	61.27	9.35	0.00	29.38	26399	26399	100.0	12163	46.07	13634	51.65	22574	85.51	22492	85.2	30167	30167	100.0	14342	47.54
GCA_948470475.1	416866986	178	33853504	1000	2341949.4	44590768	39.80	48.0881	11.97	4.86	0.35	29.54	46.51	0.28	0.19	0.87	0.1	26121	6465	1.1549328126794534	1378	6.4774927075046405	212	30168	9365	20803	165245	5.4775	1053.8576	600	20	385635	cnidaria_odb12	proteins	3203	93.7	78.4	15.3	0.9	5.4	Cnidaria	4117	86.64	6.51	3.76	2.74	6.85	61.61	8.21	0.00	30.18	23394	23394	100.0	11809	50.48	12941	55.32	20670	88.36	20191	86.31	26101	26101	100.0	13724	52.58
GCA_949126865.1	689329058	133	47608193	7862	5182925.2	67259869	39.62	57.6138	18.2	4.51	0.26	33.21	56.06	0.64	0.03	0.9	0.07	33201	8344	1.140628294328484	1344	6.095220491153948	220	37870	13460	24410	192956	5.0952	1586.1594	877.0	21	318677	cnidaria_odb12	proteins	3203	98.1	82.0	16.1	0.9	1.0	Cnidaria	4117	89.46	6.97	4.81	2.16	3.57	54.20	9.52	0.00	36.28	28205	28205	100.0	12977	46.01	14543	51.56	23945	84.9	23653	83.86	31414	31414	100.0	15065	47.96
GCA_958299795.1	541663525	107	35980406	1000	5062275.9	60343645	39.14	50.4048	8.99	3.5	0.18	35.89	48.52	0.17	0.02	1.49	0.15	31988	6172	1.1493059897461548	1387	6.076895876400827	228	36764	11786	24978	186647	5.0769	1055.1056	684	21	393551	cnidaria_odb12	proteins	3203	96.9	82.4	14.5	1.0	2.2	Cnidaria	4117	87.37	8.23	5.56	2.67	4.40	62.48	8.43	0.00	29.09	28840	28840	100.0	13887	48.15	15685	54.39	25615	88.82	25005	86.7	31898	31898	100.0	16701	52.36
GCA_963693305.1	551172847	57	39932128	7000	9669699.1	68061845	39.27	52.8833	10.01	5.91	0.25	34.78	50.75	0.47	0.15	1.54	0.1	33155	6172	1.135002262102247	1391	6.103000186016848	227	37631	12427	25204	192031	5.103	1032.0003	574	21	159861	cnidaria_odb12	proteins	3203	98.3	84.6	13.8	0.6	1.1	Cnidaria	4117	88.07	9.47	5.20	4.27	2.45	65.15	8.36	0.00	26.48	29705	29705	100.0	14194	47.78	16531	55.65	26588	89.51	25643	86.33	33057	33057	100.0	17509	52.97
GCA_964017195.1	807211382	539	56751969	1000	1497609.2	75260765	39.98	54.9347	9.02	8.47	0.04	33.39	51.11	0.93	2.17	1.1	0.1	40765	5610	1.1318287746841653	1214	5.000888619172501	242	46139	17979	28160	184597	4.0009	1207.1245	694	20	475507	cnidaria_odb12	proteins	3203	95.5	80.1	15.4	1.4	3.0	Cnidaria	4117	84.82	10.49	7.41	3.08	4.69	56.60	8.98	0.00	34.41	34406	34406	100.0	15097	43.88	17421	50.63	28983	84.24	28571	83.04	38984	38984	100.0	18385	47.16
GCA_964019555.1	486213471	464	32720690	1000	1047873.9	49556336	39.05	55.3346	16.69	4.04	0.36	32.86	54.01	0.46	0.08	0.71	0.09	29094	5716	1.167972777892349	1404	6.639386716106059	211	33257	10825	22432	187370	5.634	889.5229	567.0	20	153006	cnidaria_odb12	proteins	3203	98.4	81.0	17.5	0.8	0.8	Cnidaria	4117	88.37	7.82	5.78	2.04	3.81	59.64	8.86	0.00	31.49	26419	26419	100.0	12973	49.1	14114	53.42	23117	87.5	22840	86.45	29122	29122	100.0	14977	51.43
GCA_964020085.1	582095087	1615	37782130	1000	360430.4	50836096	39.95	52.2795	12.21	6.18	0.37	32.25	50.66	0.67	0.09	0.74	0.08	34954	5780	1.1453910854265605	1284	5.715506044559896	224	40036	14277	25759	188790	4.7155	1070.4157	622.0	21	363072	cnidaria_odb12	proteins	3203	96.8	81.2	15.6	1.5	1.8	Cnidaria	4117	87.42	9.55	5.90	3.64	3.04	59.03	9.10	0.00	31.87	30496	30496	100.0	13739	45.05	15815	51.86	25682	84.21	25422	83.36	34078	34078	100.0	16529	48.5
GCA_964027065.2	361425095	300	23862603	1000	1204750.3	36852344	37.98	40.1701	7.31	3.15	0.43	28.18	38.65	0.54	0.07	0.77	0.14	27776	4834	1.1640625	1444	7.034237466365632	205	32333	8691	23642	195105	6.0342	625.9636	465	20	236989	cnidaria_odb12	proteins	3203	97.9	84.0	13.9	1.0	1.2	Cnidaria	4117	87.01	11.29	3.93	7.36	1.70	71.78	5.58	0.00	22.64	26113	26113	100.0	13759	52.69	15282	58.52	24074	92.19	23304	89.24	28591	28591	100.0	16022	56.04
GCA_964030605.3	333964842	245	22572888	1000	1363121.8	31750150	39.11	41.6074	10.54	4.09	0.21	25.28	39.92	1.28	0.04	0.89	0.12	23791	6402	1.1833466436887898	1506	7.610734202394061	197	28153	7663	20490	186112	6.6107	852.9454	561.0	20	350613	cnidaria_odb12	proteins	3203	99.1	82.2	16.9	0.4	0.5	Cnidaria	4117	89.90	6.46	4.57	1.89	3.64	63.84	8.18	0.00	27.98	22323	22323	100.0	12067	54.06	12843	57.53	20326	91.05	19810	88.74	24578	24578	100.0	13481	54.85
GCA_964030785.1	831122133	450	56755662	1000	1846938.1	83051129	39.80	54.7601	10.07	8.9	0.07	34.29	53.35	0.92	0.02	1.12	0.11	41798	6003	1.1341930235896454	1266	5.343704516210686	236	47407	18689	28718	205922	4.3437	1236.409	693.0	21	334527	cnidaria_odb12	proteins	3203	98.0	82.1	15.9	1.0	1.0	Cnidaria	4117	87.25	9.81	6.58	3.23	2.94	56.05	9.03	0.00	34.92	35030	35030	100.0	15572	44.45	18001	51.39	29806	85.09	29333	83.74	39662	39662	100.0	18890	47.63
GCA_964034985.1	328698869	160	22198023	1000	2054367.9	31856282	39.02	41.8581	10.86	4.14	0.27	25.11	40.45	0.63	0.06	0.83	0.12	24084	6131	1.1829845540607873	1463	7.4164823979502295	197	28491	7790	20701	182812	6.4165	837.7483	559.0	20	242598	cnidaria_odb12	proteins	3203	98.5	81.1	17.4	0.7	0.8	Cnidaria	4117	89.80	6.32	4.47	1.85	3.89	63.35	8.26	0.00	28.39	22563	22563	100.0	12141	53.81	12884	57.1	20439	90.59	19955	88.44	24818	24818	100.0	13473	54.29
GCA_964035525.1	589292816	109	37871096	2000	5406356.1	68678716	39.22	51.6257	9.34	3.44	0.29	36.65	49.57	0.25	0.04	1.49	0.12	30988	6162	1.1400219439783141	1420	6.1931100857700905	229	35327	11829	23498	183457	5.1931	1022.6546	676	20	414523	cnidaria_odb12	proteins	3203	97.4	84.0	13.4	1.1	1.4	Cnidaria	4117	87.52	8.89	6.22	2.67	3.59	62.67	8.39	0.00	28.93	27642	27642	100.0	13594	49.18	15340	55.5	24557	88.84	23968	86.71	30699	30699	100.0	16357	53.28
GCA_964035705.1	569626061	3096	35060836	1000	183987.7	55420750	40.09	45.6286	7.58	2.84	0.16	33.07	43.55	0.34	0.03	1.48	0.17	31128	6394	1.150893086610126	1396	6.3957571528262385	218	35825	10617	25208	193303	5.3958	1044.4744	676	20	135313	cnidaria_odb12	proteins	3203	98.1	84.0	14.2	0.7	1.2	Cnidaria	4117	88.95	8.16	5.32	2.84	2.89	61.48	8.71	0.00	29.81	27751	27751	100.0	13953	50.28	15543	56.01	24908	89.76	24251	87.39	30881	30881	100.0	16494	53.41
GCA_964035745.1	527108013	90	47881226	1000	5856755.7	54688112	38.96	53.9422	11.29	5.01	0.14	36.17	52.77	0.22	0.01	0.91	0.1	26471	8475	1.1586264213667787	1535	7.285197261167265	210	30670	8419	22251	192767	6.2852	1244.2363	737	20	235387	cnidaria_odb12	proteins	3203	99.2	84.3	14.9	0.5	0.3	Cnidaria	4117	89.48	8.02	5.39	2.62	2.50	66.21	7.84	0.00	25.95	24369	24369	100.0	13038	53.5	14368	58.96	22302	91.52	21517	88.3	26992	26992	100.0	15137	56.08
GCA_964059495.1	521681634	390	37320567	1000	1337645.2	51019396	38.51	50.4833	8.99	4.37	0.16	34.12	47.52	0.99	0.04	2.22	0.17	28418	6245	1.1272081075374762	1368	6.210501670152655	220	32033	9992	22041	166908	5.2105	1036.747	671.0	20	246959	cnidaria_odb12	proteins	3203	95.5	82.5	13.0	0.7	3.8	Cnidaria	4117	85.01	10.35	4.91	5.44	4.64	68.19	6.83	0.00	24.99	25726	25726	100.0	13070	50.8	14680	57.06	23175	90.08	22448	87.26	28309	28309	100.0	15642	55.25
GCA_964187815.1	560023380	363	40517759	1000	1542764.1	69373331	39.42	54.5931	9.59	9.2	0.14	33.45	52.31	1.35	0.05	1.0	0.1	29967	6906	1.1435579137050755	1488	6.821588024161779	218	34269	10289	23980	199500	5.8216	1048.425	563.0	21	360417	cnidaria_odb12	proteins	3203	98.6	85.0	13.6	0.5	0.9	Cnidaria	4117	88.95	8.91	4.52	4.40	2.14	66.88	7.75	0.00	25.37	27277	27277	100.0	13744	50.39	15679	57.48	24698	90.55	23867	87.5	30383	30383	100.0	16516	54.36
GCA_964194085.1	536305725	37	38477971	16455	14494749.3	65964116	39.19	52.5762	10.84	5.36	0.41	34.5	50.85	0.23	0.04	1.06	0.09	30980	5519	1.1408650742414461	1298	5.7428700769578995	226	35344	12361	22983	167632	4.7429	981.8498	595.0	21	99099	cnidaria_odb12	proteins	3203	95.2	80.9	14.3	1.8	3.0	Cnidaria	4117	86.20	9.84	5.95	3.89	3.96	62.59	8.43	0.00	28.97	27570	27570	100.0	13402	48.61	15079	54.69	24169	87.66	23487	85.19	30540	30540	100.0	15786	51.69
GCA_964199315.1	496989174	805	32264924	300	617377.9	44735515	39.75	50.5009	8.96	4.2	0.26	33.45	46.67	2.83	0.03	1.01	0.12	27199	6636	1.15335122614802	1458	7.00235894166401	208	31370	9009	22361	188294	6.0024	972.2826	579.0	20	441988	cnidaria_odb12	proteins	3203	98.7	83.3	15.4	0.6	0.7	Cnidaria	4117	89.07	8.57	4.79	3.79	2.36	67.58	7.37	0.00	25.05	24917	24917	100.0	13199	52.97	14699	58.99	22744	91.28	22041	88.46	27744	27744	100.0	15454	55.7
GCA_964199735.2	658382683	884	42565161	1000	744776.8	54934655	39.25	54.4429	13.61	7.13	0.4	31.98	52.72	0.54	0.09	1.04	0.09	49293	4805	1.128253504554399	1251	5.254211993167311	238	55615	16278	39337	236598	4.2542	886.133	560.0	33	39501	cnidaria_odb12	proteins	3203	92.7	82.9	9.8	4.3	3.0	Cnidaria	4117	81.54	15.33	11.66	3.67	3.13	53.41	9.99	0.00	36.59	40330	40330	100.0	15811	39.2	18918	46.91	32666	81.0	32530	80.66	45935	45935	100.0	19867	43.25
GCA_964200805.1	380694473	115	25611475	1000	3310386.7	41075638	38.06	43.4233	6.94	3.87	0.48	30.78	41.82	0.48	0.07	0.88	0.13	26477	5487	1.1720361068096838	1540	7.59209847898943	202	31032	7830	23202	204566	6.5921	685.7283	466.0	20	396503	cnidaria_odb12	proteins	3203	99.2	83.5	15.7	0.4	0.4	Cnidaria	4117	87.95	10.76	3.55	7.21	1.29	72.14	5.39	0.00	22.47	25081	25081	100.0	13502	53.83	14831	59.13	23246	92.68	22430	89.43	27459	27459	100.0	15672	57.07
GCA_964204835.1	802319975	748	53019679	1000	1072620.3	67043254	39.17	59.3696	9.71	8.36	0.58	38.71	57.72	0.43	0.0	0.8	0.09	35354	4857	1.1214006901623579	1293	5.1768148110780405	249	39646	15539	24107	165594	4.1768	947.7512	580.0	20	457739	cnidaria_odb12	proteins	3203	92.9	79.4	13.5	2.3	4.8	Cnidaria	4117	83.56	10.54	7.53	3.01	5.90	60.28	9.48	0.00	30.23	30725	30725	100.0	13590	44.23	15533	50.55	25834	84.08	25897	84.29	34436	34436	100.0	16793	48.77
GCA_964205215.1	560638484	227	37068110	1000	2469773.1	61781614	39.62	52.0661	14.82	5.09	0.19	30.9	50.81	0.8	0.07	0.82	0.11	33431	5605	1.1545272352008615	1420	6.646889654636371	213	38597	11803	26794	217953	5.6469	848.8493	514	24	372547	cnidaria_odb12	proteins	3203	99.0	83.5	15.5	0.3	0.7	Cnidaria	4117	86.54	12.22	5.64	6.58	1.24	66.83	6.86	0.00	26.30	30706	30706	100.0	14626	47.63	16519	53.8	27801	90.54	27124	88.33	33433	33433	100.0	17454	52.21
GCA_964205245.1	818668351	1076	49604136	1000	760844.2	80787162	39.74	56.2261	19.85	3.92	0.33	30.48	54.25	0.89	0.04	1.14	0.08	63391	4462	1.1158997334006404	1081	4.129972574853685	261	70738	25720	45018	221408	3.13	1141.0106	713.0	26	26011	cnidaria_odb12	proteins	3203	86.5	77.9	8.6	7.4	6.1	Cnidaria	4117	80.25	13.19	11.34	1.85	6.56	41.30	11.95	0.00	46.75	45769	45769	100.0	15363	33.57	18486	40.39	35625	77.84	36110	78.9	54127	54127	100.0	19258	35.58
GCA_964212065.1	482731129	270	36807548	1000	1787893.1	42828213	38.97	53.4066	11.16	5.15	0.23	35.35	51.95	0.5	0.03	0.8	0.11	24065	5341	1.1279451485559941	1297	6.222406424992632	208	27144	8803	18341	141757	5.2224	847.4217	571	20	231619	cnidaria_odb12	proteins	3203	92.5	78.5	14.0	1.7	5.7	Cnidaria	4117	83.75	8.23	6.41	1.82	8.02	62.71	8.13	0.00	29.17	21230	21230	100.0	11401	53.7	12133	57.15	19054	89.75	18644	87.82	23414	23414	100.0	12545	53.58
GCA_964258685.1	673605476	700	49606253	1000	962293.5	68115380	39.21	60.3549	8.86	14.82	0.91	34.48	58.31	0.21	0.01	0.93	0.1	30003	7414	1.1488184514881845	1431	6.574735987002437	217	34468	10953	23515	192150	5.5747	1218.187	689.0	20	361216	cnidaria_odb12	proteins	3203	98.3	83.5	14.7	0.7	1.1	Cnidaria	4117	88.12	8.96	5.76	3.21	2.91	63.15	9.08	0.00	27.77	27017	27017	100.0	13566	50.21	15245	56.43	24156	89.41	23673	87.62	30168	30168	100.0	16165	53.58
GCA_964261235.1	478509595	89	31359961	1000	5376512.3	46453412	39.05	54.8992	16.84	4.7	0.31	31.56	53.34	0.61	0.12	0.74	0.09	27928	5808	1.1660698940131768	1404	6.73420131425413	208	31251	9833	21418	181757	5.816	884.0937	568	20	385772	cnidaria_odb12	proteins	3203	99.0	81.8	17.2	0.3	0.7	Cnidaria	4117	89.43	6.85	5.05	1.80	3.72	59.75	9.09	0.00	31.15	25412	25412	100.0	12734	50.11	13639	53.67	22289	87.71	22030	86.69	27939	27939	100.0	14423	51.62
GCA_964273435.1	482207919	1142	28705890	1000	422248.6	38601174	39.12	52.3127	14.3	5.5	0.58	30.53	50.56	0.89	0.16	0.79	0.1	29008	5977	1.1590940430226144	1437	6.811854980221872	211	32551	10362	22189	189685	5.8273	917.4591	571	20	468233	cnidaria_odb12	proteins	3203	97.6	81.4	16.3	0.9	1.5	Cnidaria	4117	88.37	7.65	5.83	1.82	3.98	59.92	9.24	0.00	30.84	26394	26394	100.0	12918	48.94	14089	53.38	23029	87.25	22756	86.22	28950	28950	100.0	14993	51.79
GCA_964274385.1	431268644	461	29627332	2100	935506.8	36946892	39.00	50.8220	12.18	4.28	0.35	32.73	49.47	0.53	0.09	0.7	0.1	28253	4850	1.1561604077443104	1275	5.855288535129343	217	31205	10589	20616	152692	4.8932	817.4722	560.0	20	178236	cnidaria_odb12	proteins	3203	95.0	79.0	16.0	1.8	3.2	Cnidaria	4117	86.62	7.58	5.68	1.89	5.81	59.28	8.76	0.00	31.96	25149	25149	100.0	12336	49.05	13321	52.97	21945	87.26	21582	85.82	27612	27612	100.0	13880	50.27
GCA_964291705.1	495267400	154	35173190	10854	3216022.1	44878467	39.07	55.5882	16.85	4.28	0.31	32.25	54.15	0.61	0.11	0.74	0.09	28646	6047	1.1683655658730714	1443	6.86052765245451	210	32395	10501	21894	189532	5.8507	922.17	568.0	20	399171	cnidaria_odb12	proteins	3203	99.1	81.8	17.3	0.3	0.6	Cnidaria	4117	89.34	7.04	5.13	1.92	3.62	59.89	8.98	0.00	31.13	25945	25945	100.0	12816	49.4	13908	53.61	22942	88.43	22494	86.7	28768	28768	100.0	14962	52.01
GCA_964330385.1	774819882	145	51362878	1000	5343585.4	73126821	39.59	59.6142	20.17	4.86	0.26	33.03	58.16	1.5	0.04	0.85	0.07	38841	6850	1.1428644988543035	1236	5.366095967560262	230	44390	15158	29232	193811	4.3661	1467.6324	839	22	466717	cnidaria_odb12	proteins	3203	96.5	80.0	16.6	1.2	2.3	Cnidaria	4117	80.79	12.97	10.88	2.09	6.24	44.37	12.49	0.00	43.15	46386	46386	100.0	15579	33.59	18551	39.99	36012	77.64	36562	78.82	51319	51319	100.0	18855	36.74
GCA_964332325.1	468464808	709	32304366	1000	660740.2	38247440	39.07	53.5774	13.21	4.95	0.35	33.0	51.51	1.57	0.09	0.67	0.09	25903	6336	1.1795930973246342	1436	7.126951399116348	201	29542	8661	20881	181191	6.1333	940.1066	567	21	416412	cnidaria_odb12	proteins	3203	98.7	80.6	18.0	0.5	0.8	Cnidaria	4117	89.00	6.95	5.13	1.82	4.06	61.66	8.28	0.00	30.06	23954	23954	100.0	12510	52.23	13460	56.19	21236	88.65	20879	87.16	26403	26403	100.0	14123	53.49
GCA_964656595.1	541754393	403	38906063	1000	1344303.7	55778270	37.97	52.2813	10.22	5.23	0.26	31.8	47.32	1.0	0.06	4.32	0.19	29082	6151	1.1251633312702014	1326	5.963449666890777	222	32722	10598	22124	162414	4.9634	1063.0222	668.0	20	287486	cnidaria_odb12	proteins	3203	95.7	82.6	13.0	1.2	3.2	Cnidaria	4117	85.52	10.20	4.79	5.42	4.27	66.99	7.45	0.00	25.56	26119	26119	100.0	12897	49.38	14567	55.77	23232	88.95	22579	86.45	28679	28679	100.0	15503	54.06
GCA_964656845.1	515391433	477	36280732	720	1080485.2	61430081	38.61	48.7619	8.08	4.69	0.19	34.29	47.11	0.37	0.12	1.09	0.12	31551	6799	1.1435453709866565	1498	6.820149667405765	219	36080	10154	25926	209991	5.8201	1021.2137	617	20	380963	cnidaria_odb12	proteins	3203	98.4	84.3	14.1	0.5	1.0	Cnidaria	4117	88.03	9.40	5.08	4.32	2.57	68.51	8.03	0.00	23.46	28740	28740	100.0	14520	50.52	16769	58.35	26295	91.49	25451	88.56	32039	32039	100.0	17534	54.73
GCA_965112405.1	716402913	864	48485938	1000	829170.0	65981066	39.60	57.5690	19.59	4.92	0.25	31.47	56.12	0.8	0.14	0.82	0.07	33322	7748	1.1500210071424284	1287	5.874611831632786	219	38321	14045	24276	186800	4.8746	1514.7618	868.0	21	304512	cnidaria_odb12	proteins	3203	98.0	81.4	16.6	0.5	1.5	Cnidaria	4117	88.49	7.75	5.56	2.19	3.76	54.77	9.22	0.00	36.01	28750	28750	100.0	13409	46.64	14916	51.88	24684	85.86	24251	84.35	31785	31785	100.0	15634	49.19
GCA_965112835.1	656234329	1151	53335361	1000	570142.8	73445179	39.90	59.8498	9.42	7.38	0.12	41.22	58.04	0.41	0.2	1.2	0.1	30461	5994	1.1320048586717442	1199	5.285134272954005	227	34482	13840	20642	147760	4.2851	1175.4704	763.0	22	33086	cnidaria_odb12	proteins	3203	61.6	52.8	8.8	15.6	22.8	Cnidaria	4117	74.28	10.95	8.26	2.70	14.77	58.93	10.10	0.00	30.97	24006	24006	100.0	11767	49.02	13365	55.67	20892	87.03	20621	85.9	29718	29718	100.0	13162	44.29
GCA_965118205.1	459279821	1340	30835548	1000	342746.1	36458435	39.05	50.0531	13.22	4.41	0.55	29.56	47.88	0.54	0.59	0.73	0.09	28136	5876	1.1699246516917827	1438	6.773521280797157	212	32049	10308	21741	184236	5.7486	894.1055	566.0	20	421525	cnidaria_odb12	proteins	3203	97.8	81.1	16.6	0.5	1.7	Cnidaria	4117	88.51	7.38	5.42	1.97	4.10	60.87	9.22	0.00	29.91	25993	25993	100.0	12763	49.1	13811	53.13	22958	88.32	22671	87.22	28446	28446	100.0	14777	51.95
GCA_965214385.1	547230792	1579	28738798	1000	346567.9	39281380	39.11	56.9288	18.46	4.7	0.36	32.27	55.43	0.65	0.09	0.66	0.09	28743	5143	1.1532199144139443	1300	6.107189187558451	212	31560	10438	21122	163490	5.1803	842.6057	558.0	20	279363	cnidaria_odb12	proteins	3203	96.8	79.2	17.6	1.1	2.1	Cnidaria	4117	85.81	9.16	7.31	1.85	5.03	58.62	8.73	0.00	32.65	25499	25499	100.0	12543	49.19	13527	53.05	22178	86.98	22027	86.38	28243	28243	100.0	14193	50.25
GCA_965282425.1	388238899	1112	5893000	1000	349135.7	28708053	38.93	43.9703	10.13	5.7	0.55	25.76	41.59	1.43	0.02	0.81	0.1	25278	6521	1.1598623308806078	1561	7.540298100208056	207	29319	7788	21531	191755	6.5403	876.6218	537	20	276300	cnidaria_odb12	proteins	3203	97.2	83.1	14.0	1.1	1.7	Cnidaria	4117	88.97	8.45	4.69	3.76	2.57	69.09	7.33	0.00	23.58	23634	23634	100.0	12787	54.1	14079	59.57	21701	91.82	21007	88.88	26327	26327	100.0	14938	56.74
GCA_965607595.1	830821469	1860	31854290	1000	446678.2	122869913	39.24	61.2074	15.2	7.1	0.21	37.17	59.48	0.44	0.22	1.06	0.07	35783	7132	1.134197803426208	1287	5.394973512381422	238	40585	14762	25823	178370	4.395	1484.6082	725.0	20	301898	cnidaria_odb12	proteins	3203	95.2	79.8	15.5	1.8	3.0	Cnidaria	4117	84.96	10.86	7.17	3.69	4.18	59.79	8.89	0.00	31.32	31162	31162	100.0	14109	45.28	16311	52.34	26602	85.37	26146	83.9	34838	34838	100.0	17003	48.81
GCA_973946955.1	580996601	369	34735392	400	1574516.5	56195330	39.02	49.1551	10.76	3.71	0.23	32.78	47.25	0.31	0.01	1.32	0.13	29795	6419	1.150696425574761	1407	6.269184774682806	224	34285	11116	23169	180654	5.2692	1068.2708	679.0	20	425990	cnidaria_odb12	proteins	3203	91.6	76.7	14.8	2.1	6.4	Cnidaria	4117	82.73	10.44	7.82	2.62	6.83	63.02	8.29	0.00	28.70	26740	26740	100.0	13407	50.14	14916	55.78	23893	89.35	23156	86.6	29750	29750	100.0	15720	52.84
GCA_974392565.1	546346346	488	34245354	1000	1119562.2	51786172	39.09	50.3662	12.77	5.3	0.08	30.43	48.5	0.99	0.2	1.16	0.14	29011	7042	1.1541828961428424	1398	6.593776131883885	212	33484	10027	23457	187302	5.5938	1136.4792	723.0	21	158877	cnidaria_odb12	proteins	3203	98.6	82.3	16.3	0.5	0.9	Cnidaria	4117	88.03	8.79	5.66	3.13	3.18	64.95	7.68	0.00	27.36	26418	26418	100.0	13605	51.5	15117	57.22	23994	90.82	23312	88.24	29325	29325	100.0	16012	54.6
GCA_977000285.1	554556895	630	35719839	5592	880249.0	76564307	38.98	50.1928	9.68	6.37	0.7	31.88	47.92	0.37	0.23	1.09	0.12	43531	5549	1.1162160299556638	1350	5.668656102078617	238	48590	13733	34857	226850	4.6687	958.0141	618.0	27	20848	cnidaria_odb12	proteins	3203	92.6	84.6	8.0	5.5	1.9	Cnidaria	4117	82.10	15.47	11.39	4.08	2.43	58.23	9.58	0.00	32.19	36076	36076	100.0	15822	43.86	18832	52.2	31156	86.36	30590	84.79	41244	41244	100.0	19240	46.65
GCA_977012905.1	551315961	2767	2367072	5446	199246.8	11299718	39.77	51.0076	10.52	4.45	0.4	32.04	47.02	2.7	0.1	1.07	0.12	30283	6354	1.156820658455239	1438	6.840717058689198	210	35032	10133	24899	204612	5.8407	943.6054	578.0	20	411007	cnidaria_odb12	proteins	3203	97.3	76.1	21.3	0.7	1.9	Cnidaria	4117	80.03	16.59	12.68	3.91	3.38	67.38	7.30	0.00	25.32	27932	27932	100.0	14772	52.89	16308	58.38	25421	91.01	24692	88.4	30907	30907	100.0	17119	55.39
GCA_977013685.1	483363659	2278	519421	4984	212187.7	2334476	38.25	50.1966	10.73	11.17	0.6	26.59	48.49	0.69	0.01	0.74	0.09	28589	6439	1.1579278743572703	1545	7.236376268728854	213	33104	9346	23758	206449	6.2364	901.6226	540	21	205502	cnidaria_odb12	proteins	3203	97.8	81.6	16.2	1.0	1.2	Cnidaria	4117	85.57	12.19	8.40	3.79	2.23	67.89	7.57	0.00	24.54	26486	26486	100.0	13885	52.42	15593	58.87	24289	91.71	23579	89.02	29347	29347	100.0	16665	56.79
GCA_977014755.1	490738607	732	3087733	6621	670407.9	11384742	39.12	50.7044	15.49	7.72	0.92	24.89	48.1	1.1	0.18	1.17	0.1	26249	7245	1.1608823193264506	1501	7.203202940404306	208	30472	8992	21480	189024	6.2032	1065.7499	604.0	21	468545	cnidaria_odb12	proteins	3203	97.9	82.5	15.4	0.8	1.2	Cnidaria	4117	88.71	8.19	5.39	2.79	3.11	63.51	7.99	0.00	28.50	24222	24222	100.0	12519	51.68	13566	56.01	21609	89.21	21104	87.13	26727	26727	100.0	14368	53.76
GCA_977014845.1	818726673	1799	2120255	3190	455101.0	8997351	39.23	63.7674	11.74	12.51	0.13	37.76	62.01	0.34	0.07	1.36	0.08	32261	7501	1.1388053687114472	1333	5.950243610332344	224	36739	13029	23710	181867	4.9502	1405.6918	765	20	347485	cnidaria_odb12	proteins	3203	97.6	83.6	14.0	0.8	1.6	Cnidaria	4117	88.05	8.43	5.49	2.94	3.52	61.06	8.62	0.00	30.32	28487	28487	100.0	13443	47.19	15095	52.99	24799	87.05	24363	85.52	31653	31653	100.0	15917	50.29
GCA_977015295.1	502925312	5168	548200	800	97315.3	3372000	38.89	45.8653	9.62	3.65	0.16	30.76	44.02	0.68	0.08	1.11	0.14	23853	6086	1.1341131094621222	1331	6.207785006653852	214	27052	7773	19279	140881	5.2078	1002.0543	705	20	103009	cnidaria_odb12	proteins	3203	87.8	75.7	12.1	4.6	7.6	Cnidaria	4117	82.78	9.04	6.24	2.79	8.19	66.23	8.46	0.00	25.32	21502	21502	100.0	11565	53.79	12595	58.58	19263	89.59	18714	87.03	23977	23977	100.0	12935	53.95
GCA_977016835.1	414868206	1280	717818	8466	324115.8	3320137	38.79	45.4960	11.15	5.1	0.44	27.69	43.93	0.78	0.04	0.78	0.09	27032	5995	1.151228174015981	1467	6.9625	210	31120	8882	22238	185553	5.9625	854.2142	540	20	114101	cnidaria_odb12	proteins	3203	97.1	80.5	16.5	1.2	1.7	Cnidaria	4117	85.91	10.42	6.80	3.62	3.67	68.29	7.65	0.00	24.06	24967	24967	100.0	13115	52.53	14645	58.66	22784	91.26	22084	88.45	27704	27704	100.0	15632	56.43
GCA_977016875.1	602225754	1180	3067493	7783	510360.8	8962524	38.91	50.5477	10.41	4.49	0.23	32.71	47.61	2.22	0.0	1.27	0.14	30175	7273	1.152046396023198	1452	6.742542358254466	215	34763	10769	23994	199628	5.7425	1166.8967	727.0	21	438722	cnidaria_odb12	proteins	3203	98.7	83.2	15.5	0.5	0.8	Cnidaria	4117	88.20	9.21	5.95	3.25	2.60	64.57	8.01	0.00	27.42	27268	27268	100.0	13828	50.71	15438	56.62	24646	90.38	23918	87.71	30542	30542	100.0	16458	53.89
GCA_977035595.1	680500720	622	44343715	10329	1094052.6	68662698	38.74	57.4495	14.24	5.05	0.57	36.04	55.33	1.13	0.18	1.03	0.11	32807	8308	1.1682262931691407	1421	6.402155194906852	222	38326	12841	25485	207043	5.4022	1485.494	800	21	488521	cnidaria_odb12	proteins	3203	92.3	69.4	22.9	1.7	5.9	Cnidaria	4117	78.19	14.67	11.95	2.72	7.14	62.63	8.49	0.00	28.88	29872	29872	100.0	14980	50.15	16676	55.82	26372	88.28	25888	86.66	33587	33587	100.0	17728	52.78
GCA_982319565.1	428200458	2444	13551409	901	175204.8	29594857	39.02	51.3839	16.19	4.37	0.31	29.26	49.81	3.14	0.27	0.66	0.1	25765	5544	1.1715117407335534	1370	6.604591836734694	207	30184	9079	21105	169169	5.6046	839.4241	560	20	239228	cnidaria_odb12	proteins	3203	91.1	72.6	18.5	1.7	7.2	Cnidaria	4117	80.08	10.78	8.89	1.89	9.13	62.26	8.28	0.00	29.46	23759	23759	100.0	12308	51.8	13207	55.59	21229	89.35	20784	87.48	26047	26047	100.0	13788	52.94
GCF_013753865.1	475381253	854	19840543	798	556652.5	39361238	39.06	52.4255	15.14	4.89	0.31	31.08	51.1	0.53	0.06	0.7	0.1	27295	5608	1.1678329364352444	1316	6.596216589283474	199	30869	9312	21557	173500	5.6205	877.7644	562.0	20	382290	cnidaria_odb12	proteins	3203	92.3	73.1	19.2	2.6	5.2	Cnidaria	4117	80.84	12.02	10.30	1.72	7.14	60.26	8.59	0.00	31.15	24628	24628	100.0	12885	52.32	13780	55.95	21880	88.84	21377	86.8	27295	27295	100.0	14031	51.41
